Date,Year,Quarter,Month Number,Month,Month Short,Week Number,Day,Day Name,Day Number,Weekend
2020-03-10,2020,1,3,March,Mar,11,10,Tuesday,3,No
2020-03-11,2020,1,3,March,Mar,11,11,Wednesday,4,No
2020-03-12,2020,1,3,March,Mar,11,12,Thursday,5,No
2020-03-13,2020,1,3,March,Mar,11,13,Friday,6,No
2020-03-14,2020,1,3,March,Mar,11,14,Saturday,7,Yes
2020-03-15,2020,1,3,March,Mar,11,15,Sunday,1,Yes
2020-03-16,2020,1,3,March,Mar,12,16,Monday,2,No
2020-03-17,2020,1,3,March,Mar,12,17,Tuesday,3,No
2020-03-18,2020,1,3,March,Mar,12,18,Wednesday,4,No
2020-03-19,2020,1,3,March,Mar,12,19,Thursday,5,No
2020-03-20,2020,1,3,March,Mar,12,20,Friday,6,No
2020-03-21,2020,1,3,March,Mar,12,21,Saturday,7,Yes
2020-03-22,2020,1,3,March,Mar,12,22,Sunday,1,Yes
2020-03-23,2020,1,3,March,Mar,13,23,Monday,2,No
2020-03-24,2020,1,3,March,Mar,13,24,Tuesday,3,No
2020-03-25,2020,1,3,March,Mar,13,25,Wednesday,4,No
2020-03-26,2020,1,3,March,Mar,13,26,Thursday,5,No
2020-03-27,2020,1,3,March,Mar,13,27,Friday,6,No
2020-03-28,2020,1,3,March,Mar,13,28,Saturday,7,Yes
2020-03-29,2020,1,3,March,Mar,13,29,Sunday,1,Yes
2020-03-30,2020,1,3,March,Mar,14,30,Monday,2,No
2020-03-31,2020,1,3,March,Mar,14,31,Tuesday,3,No
2020-04-01,2020,2,4,April,Apr,14,1,Wednesday,4,No
2020-04-02,2020,2,4,April,Apr,14,2,Thursday,5,No
2020-04-03,2020,2,4,April,Apr,14,3,Friday,6,No
2020-04-04,2020,2,4,April,Apr,14,4,Saturday,7,Yes
2020-04-05,2020,2,4,April,Apr,14,5,Sunday,1,Yes
2020-04-06,2020,2,4,April,Apr,15,6,Monday,2,No
2020-04-07,2020,2,4,April,Apr,15,7,Tuesday,3,No
2020-04-08,2020,2,4,April,Apr,15,8,Wednesday,4,No
2020-04-09,2020,2,4,April,Apr,15,9,Thursday,5,No
2020-04-10,2020,2,4,April,Apr,15,10,Friday,6,No
2020-04-11,2020,2,4,April,Apr,15,11,Saturday,7,Yes
2020-04-12,2020,2,4,April,Apr,15,12,Sunday,1,Yes
2020-04-13,2020,2,4,April,Apr,16,13,Monday,2,No
2020-04-14,2020,2,4,April,Apr,16,14,Tuesday,3,No
2020-04-15,2020,2,4,April,Apr,16,15,Wednesday,4,No
2020-04-16,2020,2,4,April,Apr,16,16,Thursday,5,No
2020-04-17,2020,2,4,April,Apr,16,17,Friday,6,No
2020-04-18,2020,2,4,April,Apr,16,18,Saturday,7,Yes
2020-04-19,2020,2,4,April,Apr,16,19,Sunday,1,Yes
2020-04-20,2020,2,4,April,Apr,17,20,Monday,2,No
2020-04-21,2020,2,4,April,Apr,17,21,Tuesday,3,No
2020-04-22,2020,2,4,April,Apr,17,22,Wednesday,4,No
2020-04-23,2020,2,4,April,Apr,17,23,Thursday,5,No
2020-04-24,2020,2,4,April,Apr,17,24,Friday,6,No
2020-04-25,2020,2,4,April,Apr,17,25,Saturday,7,Yes
2020-04-26,2020,2,4,April,Apr,17,26,Sunday,1,Yes
2020-04-27,2020,2,4,April,Apr,18,27,Monday,2,No
2020-04-28,2020,2,4,April,Apr,18,28,Tuesday,3,No
2020-04-29,2020,2,4,April,Apr,18,29,Wednesday,4,No
2020-04-30,2020,2,4,April,Apr,18,30,Thursday,5,No
2020-05-01,2020,2,5,May,May,18,1,Friday,6,No
2020-05-02,2020,2,5,May,May,18,2,Saturday,7,Yes
2020-05-03,2020,2,5,May,May,18,3,Sunday,1,Yes
2020-05-04,2020,2,5,May,May,19,4,Monday,2,No
2020-05-05,2020,2,5,May,May,19,5,Tuesday,3,No
2020-05-06,2020,2,5,May,May,19,6,Wednesday,4,No
2020-05-07,2020,2,5,May,May,19,7,Thursday,5,No
2020-05-08,2020,2,5,May,May,19,8,Friday,6,No
2020-05-09,2020,2,5,May,May,19,9,Saturday,7,Yes
2020-05-10,2020,2,5,May,May,19,10,Sunday,1,Yes
2020-05-11,2020,2,5,May,May,20,11,Monday,2,No
2020-05-12,2020,2,5,May,May,20,12,Tuesday,3,No
2020-05-13,2020,2,5,May,May,20,13,Wednesday,4,No
2020-05-14,2020,2,5,May,May,20,14,Thursday,5,No
2020-05-15,2020,2,5,May,May,20,15,Friday,6,No
2020-05-16,2020,2,5,May,May,20,16,Saturday,7,Yes
2020-05-17,2020,2,5,May,May,20,17,Sunday,1,Yes
2020-05-18,2020,2,5,May,May,21,18,Monday,2,No
2020-05-19,2020,2,5,May,May,21,19,Tuesday,3,No
2020-05-20,2020,2,5,May,May,21,20,Wednesday,4,No
2020-05-21,2020,2,5,May,May,21,21,Thursday,5,No
2020-05-22,2020,2,5,May,May,21,22,Friday,6,No
2020-05-23,2020,2,5,May,May,21,23,Saturday,7,Yes
2020-05-24,2020,2,5,May,May,21,24,Sunday,1,Yes
2020-05-25,2020,2,5,May,May,22,25,Monday,2,No
2020-05-26,2020,2,5,May,May,22,26,Tuesday,3,No
2020-05-27,2020,2,5,May,May,22,27,Wednesday,4,No
2020-05-28,2020,2,5,May,May,22,28,Thursday,5,No
2020-05-29,2020,2,5,May,May,22,29,Friday,6,No
2020-05-30,2020,2,5,May,May,22,30,Saturday,7,Yes
2020-05-31,2020,2,5,May,May,22,31,Sunday,1,Yes
2020-06-01,2020,2,6,June,Jun,23,1,Monday,2,No
2020-06-02,2020,2,6,June,Jun,23,2,Tuesday,3,No
2020-06-03,2020,2,6,June,Jun,23,3,Wednesday,4,No
2020-06-04,2020,2,6,June,Jun,23,4,Thursday,5,No
2020-06-05,2020,2,6,June,Jun,23,5,Friday,6,No
2020-06-06,2020,2,6,June,Jun,23,6,Saturday,7,Yes
2020-06-07,2020,2,6,June,Jun,23,7,Sunday,1,Yes
2020-06-08,2020,2,6,June,Jun,24,8,Monday,2,No
2020-06-09,2020,2,6,June,Jun,24,9,Tuesday,3,No
2020-06-10,2020,2,6,June,Jun,24,10,Wednesday,4,No
2020-06-11,2020,2,6,June,Jun,24,11,Thursday,5,No
2020-06-12,2020,2,6,June,Jun,24,12,Friday,6,No
2020-06-13,2020,2,6,June,Jun,24,13,Saturday,7,Yes
2020-06-14,2020,2,6,June,Jun,24,14,Sunday,1,Yes
2020-06-15,2020,2,6,June,Jun,25,15,Monday,2,No
2020-06-16,2020,2,6,June,Jun,25,16,Tuesday,3,No
2020-06-17,2020,2,6,June,Jun,25,17,Wednesday,4,No
2020-06-18,2020,2,6,June,Jun,25,18,Thursday,5,No
2020-06-19,2020,2,6,June,Jun,25,19,Friday,6,No
2020-06-20,2020,2,6,June,Jun,25,20,Saturday,7,Yes
2020-06-21,2020,2,6,June,Jun,25,21,Sunday,1,Yes
2020-06-22,2020,2,6,June,Jun,26,22,Monday,2,No
2020-06-23,2020,2,6,June,Jun,26,23,Tuesday,3,No
2020-06-24,2020,2,6,June,Jun,26,24,Wednesday,4,No
2020-06-25,2020,2,6,June,Jun,26,25,Thursday,5,No
2020-06-26,2020,2,6,June,Jun,26,26,Friday,6,No
2020-06-27,2020,2,6,June,Jun,26,27,Saturday,7,Yes
2020-06-28,2020,2,6,June,Jun,26,28,Sunday,1,Yes
2020-06-29,2020,2,6,June,Jun,27,29,Monday,2,No
2020-06-30,2020,2,6,June,Jun,27,30,Tuesday,3,No
2020-07-01,2020,3,7,July,Jul,27,1,Wednesday,4,No
2020-07-02,2020,3,7,July,Jul,27,2,Thursday,5,No
2020-07-03,2020,3,7,July,Jul,27,3,Friday,6,No
2020-07-04,2020,3,7,July,Jul,27,4,Saturday,7,Yes
2020-07-05,2020,3,7,July,Jul,27,5,Sunday,1,Yes
2020-07-06,2020,3,7,July,Jul,28,6,Monday,2,No
2020-07-07,2020,3,7,July,Jul,28,7,Tuesday,3,No
2020-07-08,2020,3,7,July,Jul,28,8,Wednesday,4,No
2020-07-09,2020,3,7,July,Jul,28,9,Thursday,5,No
2020-07-10,2020,3,7,July,Jul,28,10,Friday,6,No
2020-07-11,2020,3,7,July,Jul,28,11,Saturday,7,Yes
2020-07-12,2020,3,7,July,Jul,28,12,Sunday,1,Yes
2020-07-13,2020,3,7,July,Jul,29,13,Monday,2,No
2020-07-14,2020,3,7,July,Jul,29,14,Tuesday,3,No
2020-07-15,2020,3,7,July,Jul,29,15,Wednesday,4,No
2020-07-16,2020,3,7,July,Jul,29,16,Thursday,5,No
2020-07-17,2020,3,7,July,Jul,29,17,Friday,6,No
2020-07-18,2020,3,7,July,Jul,29,18,Saturday,7,Yes
2020-07-19,2020,3,7,July,Jul,29,19,Sunday,1,Yes
2020-07-20,2020,3,7,July,Jul,30,20,Monday,2,No
2020-07-21,2020,3,7,July,Jul,30,21,Tuesday,3,No
2020-07-22,2020,3,7,July,Jul,30,22,Wednesday,4,No
2020-07-23,2020,3,7,July,Jul,30,23,Thursday,5,No
2020-07-24,2020,3,7,July,Jul,30,24,Friday,6,No
2020-07-25,2020,3,7,July,Jul,30,25,Saturday,7,Yes
2020-07-26,2020,3,7,July,Jul,30,26,Sunday,1,Yes
2020-07-27,2020,3,7,July,Jul,31,27,Monday,2,No
2020-07-28,2020,3,7,July,Jul,31,28,Tuesday,3,No
2020-07-29,2020,3,7,July,Jul,31,29,Wednesday,4,No
2020-07-30,2020,3,7,July,Jul,31,30,Thursday,5,No
2020-07-31,2020,3,7,July,Jul,31,31,Friday,6,No
2020-08-01,2020,3,8,August,Aug,31,1,Saturday,7,Yes
2020-08-02,2020,3,8,August,Aug,31,2,Sunday,1,Yes
2020-08-03,2020,3,8,August,Aug,32,3,Monday,2,No
2020-08-04,2020,3,8,August,Aug,32,4,Tuesday,3,No
2020-08-05,2020,3,8,August,Aug,32,5,Wednesday,4,No
2020-08-06,2020,3,8,August,Aug,32,6,Thursday,5,No
2020-08-07,2020,3,8,August,Aug,32,7,Friday,6,No
2020-08-08,2020,3,8,August,Aug,32,8,Saturday,7,Yes
2020-08-09,2020,3,8,August,Aug,32,9,Sunday,1,Yes
2020-08-10,2020,3,8,August,Aug,33,10,Monday,2,No
2020-08-11,2020,3,8,August,Aug,33,11,Tuesday,3,No
2020-08-12,2020,3,8,August,Aug,33,12,Wednesday,4,No
2020-08-13,2020,3,8,August,Aug,33,13,Thursday,5,No
2020-08-14,2020,3,8,August,Aug,33,14,Friday,6,No
2020-08-15,2020,3,8,August,Aug,33,15,Saturday,7,Yes
2020-08-16,2020,3,8,August,Aug,33,16,Sunday,1,Yes
2020-08-17,2020,3,8,August,Aug,34,17,Monday,2,No
2020-08-18,2020,3,8,August,Aug,34,18,Tuesday,3,No
2020-08-19,2020,3,8,August,Aug,34,19,Wednesday,4,No
2020-08-20,2020,3,8,August,Aug,34,20,Thursday,5,No
2020-08-21,2020,3,8,August,Aug,34,21,Friday,6,No
2020-08-22,2020,3,8,August,Aug,34,22,Saturday,7,Yes
2020-08-23,2020,3,8,August,Aug,34,23,Sunday,1,Yes
2020-08-24,2020,3,8,August,Aug,35,24,Monday,2,No
2020-08-25,2020,3,8,August,Aug,35,25,Tuesday,3,No
2020-08-26,2020,3,8,August,Aug,35,26,Wednesday,4,No
2020-08-27,2020,3,8,August,Aug,35,27,Thursday,5,No
2020-08-28,2020,3,8,August,Aug,35,28,Friday,6,No
2020-08-29,2020,3,8,August,Aug,35,29,Saturday,7,Yes
2020-08-30,2020,3,8,August,Aug,35,30,Sunday,1,Yes
2020-08-31,2020,3,8,August,Aug,36,31,Monday,2,No
2020-09-01,2020,3,9,September,Sep,36,1,Tuesday,3,No
2020-09-02,2020,3,9,September,Sep,36,2,Wednesday,4,No
2020-09-03,2020,3,9,September,Sep,36,3,Thursday,5,No
2020-09-04,2020,3,9,September,Sep,36,4,Friday,6,No
2020-09-05,2020,3,9,September,Sep,36,5,Saturday,7,Yes
2020-09-06,2020,3,9,September,Sep,36,6,Sunday,1,Yes
2020-09-07,2020,3,9,September,Sep,37,7,Monday,2,No
2020-09-08,2020,3,9,September,Sep,37,8,Tuesday,3,No
2020-09-09,2020,3,9,September,Sep,37,9,Wednesday,4,No
2020-09-10,2020,3,9,September,Sep,37,10,Thursday,5,No
2020-09-11,2020,3,9,September,Sep,37,11,Friday,6,No
2020-09-12,2020,3,9,September,Sep,37,12,Saturday,7,Yes
2020-09-13,2020,3,9,September,Sep,37,13,Sunday,1,Yes
2020-09-14,2020,3,9,September,Sep,38,14,Monday,2,No
2020-09-15,2020,3,9,September,Sep,38,15,Tuesday,3,No
2020-09-16,2020,3,9,September,Sep,38,16,Wednesday,4,No
2020-09-17,2020,3,9,September,Sep,38,17,Thursday,5,No
2020-09-18,2020,3,9,September,Sep,38,18,Friday,6,No
2020-09-19,2020,3,9,September,Sep,38,19,Saturday,7,Yes
2020-09-20,2020,3,9,September,Sep,38,20,Sunday,1,Yes
2020-09-21,2020,3,9,September,Sep,39,21,Monday,2,No
2020-09-22,2020,3,9,September,Sep,39,22,Tuesday,3,No
2020-09-23,2020,3,9,September,Sep,39,23,Wednesday,4,No
2020-09-24,2020,3,9,September,Sep,39,24,Thursday,5,No
2020-09-25,2020,3,9,September,Sep,39,25,Friday,6,No
2020-09-26,2020,3,9,September,Sep,39,26,Saturday,7,Yes
2020-09-27,2020,3,9,September,Sep,39,27,Sunday,1,Yes
2020-09-28,2020,3,9,September,Sep,40,28,Monday,2,No
2020-09-29,2020,3,9,September,Sep,40,29,Tuesday,3,No
2020-09-30,2020,3,9,September,Sep,40,30,Wednesday,4,No
2020-10-01,2020,4,10,October,Oct,40,1,Thursday,5,No
2020-10-02,2020,4,10,October,Oct,40,2,Friday,6,No
2020-10-03,2020,4,10,October,Oct,40,3,Saturday,7,Yes
2020-10-04,2020,4,10,October,Oct,40,4,Sunday,1,Yes
2020-10-05,2020,4,10,October,Oct,41,5,Monday,2,No
2020-10-06,2020,4,10,October,Oct,41,6,Tuesday,3,No
2020-10-07,2020,4,10,October,Oct,41,7,Wednesday,4,No
2020-10-08,2020,4,10,October,Oct,41,8,Thursday,5,No
2020-10-09,2020,4,10,October,Oct,41,9,Friday,6,No
2020-10-10,2020,4,10,October,Oct,41,10,Saturday,7,Yes
2020-10-11,2020,4,10,October,Oct,41,11,Sunday,1,Yes
2020-10-12,2020,4,10,October,Oct,42,12,Monday,2,No
2020-10-13,2020,4,10,October,Oct,42,13,Tuesday,3,No
2020-10-14,2020,4,10,October,Oct,42,14,Wednesday,4,No
2020-10-15,2020,4,10,October,Oct,42,15,Thursday,5,No
2020-10-16,2020,4,10,October,Oct,42,16,Friday,6,No
2020-10-17,2020,4,10,October,Oct,42,17,Saturday,7,Yes
2020-10-18,2020,4,10,October,Oct,42,18,Sunday,1,Yes
2020-10-19,2020,4,10,October,Oct,43,19,Monday,2,No
2020-10-20,2020,4,10,October,Oct,43,20,Tuesday,3,No
2020-10-21,2020,4,10,October,Oct,43,21,Wednesday,4,No
2020-10-22,2020,4,10,October,Oct,43,22,Thursday,5,No
2020-10-23,2020,4,10,October,Oct,43,23,Friday,6,No
2020-10-24,2020,4,10,October,Oct,43,24,Saturday,7,Yes
2020-10-25,2020,4,10,October,Oct,43,25,Sunday,1,Yes
2020-10-26,2020,4,10,October,Oct,44,26,Monday,2,No
2020-10-27,2020,4,10,October,Oct,44,27,Tuesday,3,No
2020-10-28,2020,4,10,October,Oct,44,28,Wednesday,4,No
2020-10-29,2020,4,10,October,Oct,44,29,Thursday,5,No
2020-10-30,2020,4,10,October,Oct,44,30,Friday,6,No
2020-10-31,2020,4,10,October,Oct,44,31,Saturday,7,Yes
2020-11-01,2020,4,11,November,Nov,44,1,Sunday,1,Yes
2020-11-02,2020,4,11,November,Nov,45,2,Monday,2,No
2020-11-03,2020,4,11,November,Nov,45,3,Tuesday,3,No
2020-11-04,2020,4,11,November,Nov,45,4,Wednesday,4,No
2020-11-05,2020,4,11,November,Nov,45,5,Thursday,5,No
2020-11-06,2020,4,11,November,Nov,45,6,Friday,6,No
2020-11-07,2020,4,11,November,Nov,45,7,Saturday,7,Yes
2020-11-08,2020,4,11,November,Nov,45,8,Sunday,1,Yes
2020-11-09,2020,4,11,November,Nov,46,9,Monday,2,No
2020-11-10,2020,4,11,November,Nov,46,10,Tuesday,3,No
2020-11-11,2020,4,11,November,Nov,46,11,Wednesday,4,No
2020-11-12,2020,4,11,November,Nov,46,12,Thursday,5,No
2020-11-13,2020,4,11,November,Nov,46,13,Friday,6,No
2020-11-14,2020,4,11,November,Nov,46,14,Saturday,7,Yes
2020-11-15,2020,4,11,November,Nov,46,15,Sunday,1,Yes
2020-11-16,2020,4,11,November,Nov,47,16,Monday,2,No
2020-11-17,2020,4,11,November,Nov,47,17,Tuesday,3,No
2020-11-18,2020,4,11,November,Nov,47,18,Wednesday,4,No
2020-11-19,2020,4,11,November,Nov,47,19,Thursday,5,No
2020-11-20,2020,4,11,November,Nov,47,20,Friday,6,No
2020-11-21,2020,4,11,November,Nov,47,21,Saturday,7,Yes
2020-11-22,2020,4,11,November,Nov,47,22,Sunday,1,Yes
2020-11-23,2020,4,11,November,Nov,48,23,Monday,2,No
2020-11-24,2020,4,11,November,Nov,48,24,Tuesday,3,No
2020-11-25,2020,4,11,November,Nov,48,25,Wednesday,4,No
2020-11-26,2020,4,11,November,Nov,48,26,Thursday,5,No
2020-11-27,2020,4,11,November,Nov,48,27,Friday,6,No
2020-11-28,2020,4,11,November,Nov,48,28,Saturday,7,Yes
2020-11-29,2020,4,11,November,Nov,48,29,Sunday,1,Yes
2020-11-30,2020,4,11,November,Nov,49,30,Monday,2,No
2020-12-01,2020,4,12,December,Dec,49,1,Tuesday,3,No
2020-12-02,2020,4,12,December,Dec,49,2,Wednesday,4,No
2020-12-03,2020,4,12,December,Dec,49,3,Thursday,5,No
2020-12-04,2020,4,12,December,Dec,49,4,Friday,6,No
2020-12-05,2020,4,12,December,Dec,49,5,Saturday,7,Yes
2020-12-06,2020,4,12,December,Dec,49,6,Sunday,1,Yes
2020-12-07,2020,4,12,December,Dec,50,7,Monday,2,No
2020-12-08,2020,4,12,December,Dec,50,8,Tuesday,3,No
2020-12-09,2020,4,12,December,Dec,50,9,Wednesday,4,No
2020-12-10,2020,4,12,December,Dec,50,10,Thursday,5,No
2020-12-11,2020,4,12,December,Dec,50,11,Friday,6,No
2020-12-12,2020,4,12,December,Dec,50,12,Saturday,7,Yes
2020-12-13,2020,4,12,December,Dec,50,13,Sunday,1,Yes
2020-12-14,2020,4,12,December,Dec,51,14,Monday,2,No
2020-12-15,2020,4,12,December,Dec,51,15,Tuesday,3,No
2020-12-16,2020,4,12,December,Dec,51,16,Wednesday,4,No
2020-12-17,2020,4,12,December,Dec,51,17,Thursday,5,No
2020-12-18,2020,4,12,December,Dec,51,18,Friday,6,No
2020-12-19,2020,4,12,December,Dec,51,19,Saturday,7,Yes
2020-12-20,2020,4,12,December,Dec,51,20,Sunday,1,Yes
2020-12-21,2020,4,12,December,Dec,52,21,Monday,2,No
2020-12-22,2020,4,12,December,Dec,52,22,Tuesday,3,No
2020-12-23,2020,4,12,December,Dec,52,23,Wednesday,4,No
2020-12-24,2020,4,12,December,Dec,52,24,Thursday,5,No
2020-12-25,2020,4,12,December,Dec,52,25,Friday,6,No
2020-12-26,2020,4,12,December,Dec,52,26,Saturday,7,Yes
2020-12-27,2020,4,12,December,Dec,52,27,Sunday,1,Yes
2020-12-28,2020,4,12,December,Dec,53,28,Monday,2,No
2020-12-29,2020,4,12,December,Dec,53,29,Tuesday,3,No
2020-12-30,2020,4,12,December,Dec,53,30,Wednesday,4,No
2020-12-31,2020,4,12,December,Dec,53,31,Thursday,5,No
2021-01-01,2021,1,1,January,Jan,53,1,Friday,6,No
2021-01-02,2021,1,1,January,Jan,53,2,Saturday,7,Yes
2021-01-03,2021,1,1,January,Jan,53,3,Sunday,1,Yes
2021-01-04,2021,1,1,January,Jan,1,4,Monday,2,No
2021-01-05,2021,1,1,January,Jan,1,5,Tuesday,3,No
2021-01-06,2021,1,1,January,Jan,1,6,Wednesday,4,No
2021-01-07,2021,1,1,January,Jan,1,7,Thursday,5,No
2021-01-08,2021,1,1,January,Jan,1,8,Friday,6,No
2021-01-09,2021,1,1,January,Jan,1,9,Saturday,7,Yes
2021-01-10,2021,1,1,January,Jan,1,10,Sunday,1,Yes
2021-01-11,2021,1,1,January,Jan,2,11,Monday,2,No
2021-01-12,2021,1,1,January,Jan,2,12,Tuesday,3,No
2021-01-13,2021,1,1,January,Jan,2,13,Wednesday,4,No
2021-01-14,2021,1,1,January,Jan,2,14,Thursday,5,No
2021-01-15,2021,1,1,January,Jan,2,15,Friday,6,No
2021-01-16,2021,1,1,January,Jan,2,16,Saturday,7,Yes
2021-01-17,2021,1,1,January,Jan,2,17,Sunday,1,Yes
2021-01-18,2021,1,1,January,Jan,3,18,Monday,2,No
2021-01-19,2021,1,1,January,Jan,3,19,Tuesday,3,No
2021-01-20,2021,1,1,January,Jan,3,20,Wednesday,4,No
2021-01-21,2021,1,1,January,Jan,3,21,Thursday,5,No
2021-01-22,2021,1,1,January,Jan,3,22,Friday,6,No
2021-01-23,2021,1,1,January,Jan,3,23,Saturday,7,Yes
2021-01-24,2021,1,1,January,Jan,3,24,Sunday,1,Yes
2021-01-25,2021,1,1,January,Jan,4,25,Monday,2,No
2021-01-26,2021,1,1,January,Jan,4,26,Tuesday,3,No
2021-01-27,2021,1,1,January,Jan,4,27,Wednesday,4,No
2021-01-28,2021,1,1,January,Jan,4,28,Thursday,5,No
2021-01-29,2021,1,1,January,Jan,4,29,Friday,6,No
2021-01-30,2021,1,1,January,Jan,4,30,Saturday,7,Yes
2021-01-31,2021,1,1,January,Jan,4,31,Sunday,1,Yes
2021-02-01,2021,1,2,February,Feb,5,1,Monday,2,No
2021-02-02,2021,1,2,February,Feb,5,2,Tuesday,3,No
2021-02-03,2021,1,2,February,Feb,5,3,Wednesday,4,No
2021-02-04,2021,1,2,February,Feb,5,4,Thursday,5,No
2021-02-05,2021,1,2,February,Feb,5,5,Friday,6,No
2021-02-06,2021,1,2,February,Feb,5,6,Saturday,7,Yes
2021-02-07,2021,1,2,February,Feb,5,7,Sunday,1,Yes
2021-02-08,2021,1,2,February,Feb,6,8,Monday,2,No
2021-02-09,2021,1,2,February,Feb,6,9,Tuesday,3,No
2021-02-10,2021,1,2,February,Feb,6,10,Wednesday,4,No
2021-02-11,2021,1,2,February,Feb,6,11,Thursday,5,No
2021-02-12,2021,1,2,February,Feb,6,12,Friday,6,No
2021-02-13,2021,1,2,February,Feb,6,13,Saturday,7,Yes
2021-02-14,2021,1,2,February,Feb,6,14,Sunday,1,Yes
2021-02-15,2021,1,2,February,Feb,7,15,Monday,2,No
2021-02-16,2021,1,2,February,Feb,7,16,Tuesday,3,No
2021-02-17,2021,1,2,February,Feb,7,17,Wednesday,4,No
2021-02-18,2021,1,2,February,Feb,7,18,Thursday,5,No
2021-02-19,2021,1,2,February,Feb,7,19,Friday,6,No
2021-02-20,2021,1,2,February,Feb,7,20,Saturday,7,Yes
2021-02-21,2021,1,2,February,Feb,7,21,Sunday,1,Yes
2021-02-22,2021,1,2,February,Feb,8,22,Monday,2,No
2021-02-23,2021,1,2,February,Feb,8,23,Tuesday,3,No
2021-02-24,2021,1,2,February,Feb,8,24,Wednesday,4,No
2021-02-25,2021,1,2,February,Feb,8,25,Thursday,5,No
2021-02-26,2021,1,2,February,Feb,8,26,Friday,6,No
2021-02-27,2021,1,2,February,Feb,8,27,Saturday,7,Yes
2021-02-28,2021,1,2,February,Feb,8,28,Sunday,1,Yes
2021-03-01,2021,1,3,March,Mar,9,1,Monday,2,No
2021-03-02,2021,1,3,March,Mar,9,2,Tuesday,3,No
2021-03-03,2021,1,3,March,Mar,9,3,Wednesday,4,No
2021-03-04,2021,1,3,March,Mar,9,4,Thursday,5,No
2021-03-05,2021,1,3,March,Mar,9,5,Friday,6,No
2021-03-06,2021,1,3,March,Mar,9,6,Saturday,7,Yes
2021-03-07,2021,1,3,March,Mar,9,7,Sunday,1,Yes
2021-03-08,2021,1,3,March,Mar,10,8,Monday,2,No
2021-03-09,2021,1,3,March,Mar,10,9,Tuesday,3,No
2021-03-10,2021,1,3,March,Mar,10,10,Wednesday,4,No
2021-03-11,2021,1,3,March,Mar,10,11,Thursday,5,No
2021-03-12,2021,1,3,March,Mar,10,12,Friday,6,No
2021-03-13,2021,1,3,March,Mar,10,13,Saturday,7,Yes
2021-03-14,2021,1,3,March,Mar,10,14,Sunday,1,Yes
2021-03-15,2021,1,3,March,Mar,11,15,Monday,2,No
2021-03-16,2021,1,3,March,Mar,11,16,Tuesday,3,No
2021-03-17,2021,1,3,March,Mar,11,17,Wednesday,4,No
2021-03-18,2021,1,3,March,Mar,11,18,Thursday,5,No
2021-03-19,2021,1,3,March,Mar,11,19,Friday,6,No
2021-03-20,2021,1,3,March,Mar,11,20,Saturday,7,Yes
2021-03-21,2021,1,3,March,Mar,11,21,Sunday,1,Yes
2021-03-22,2021,1,3,March,Mar,12,22,Monday,2,No
2021-03-23,2021,1,3,March,Mar,12,23,Tuesday,3,No
2021-03-24,2021,1,3,March,Mar,12,24,Wednesday,4,No
2021-03-25,2021,1,3,March,Mar,12,25,Thursday,5,No
2021-03-26,2021,1,3,March,Mar,12,26,Friday,6,No
2021-03-27,2021,1,3,March,Mar,12,27,Saturday,7,Yes
2021-03-28,2021,1,3,March,Mar,12,28,Sunday,1,Yes
2021-03-29,2021,1,3,March,Mar,13,29,Monday,2,No
2021-03-30,2021,1,3,March,Mar,13,30,Tuesday,3,No
2021-03-31,2021,1,3,March,Mar,13,31,Wednesday,4,No
2021-04-01,2021,2,4,April,Apr,13,1,Thursday,5,No
2021-04-02,2021,2,4,April,Apr,13,2,Friday,6,No
2021-04-03,2021,2,4,April,Apr,13,3,Saturday,7,Yes
2021-04-04,2021,2,4,April,Apr,13,4,Sunday,1,Yes
2021-04-05,2021,2,4,April,Apr,14,5,Monday,2,No
2021-04-06,2021,2,4,April,Apr,14,6,Tuesday,3,No
2021-04-07,2021,2,4,April,Apr,14,7,Wednesday,4,No
2021-04-08,2021,2,4,April,Apr,14,8,Thursday,5,No
2021-04-09,2021,2,4,April,Apr,14,9,Friday,6,No
2021-04-10,2021,2,4,April,Apr,14,10,Saturday,7,Yes
2021-04-11,2021,2,4,April,Apr,14,11,Sunday,1,Yes
2021-04-12,2021,2,4,April,Apr,15,12,Monday,2,No
2021-04-13,2021,2,4,April,Apr,15,13,Tuesday,3,No
2021-04-14,2021,2,4,April,Apr,15,14,Wednesday,4,No
2021-04-15,2021,2,4,April,Apr,15,15,Thursday,5,No
2021-04-16,2021,2,4,April,Apr,15,16,Friday,6,No
2021-04-17,2021,2,4,April,Apr,15,17,Saturday,7,Yes
2021-04-18,2021,2,4,April,Apr,15,18,Sunday,1,Yes
2021-04-19,2021,2,4,April,Apr,16,19,Monday,2,No
2021-04-20,2021,2,4,April,Apr,16,20,Tuesday,3,No
2021-04-21,2021,2,4,April,Apr,16,21,Wednesday,4,No
2021-04-22,2021,2,4,April,Apr,16,22,Thursday,5,No
2021-04-23,2021,2,4,April,Apr,16,23,Friday,6,No
2021-04-24,2021,2,4,April,Apr,16,24,Saturday,7,Yes
2021-04-25,2021,2,4,April,Apr,16,25,Sunday,1,Yes
2021-04-26,2021,2,4,April,Apr,17,26,Monday,2,No
2021-04-27,2021,2,4,April,Apr,17,27,Tuesday,3,No
2021-04-28,2021,2,4,April,Apr,17,28,Wednesday,4,No
2021-04-29,2021,2,4,April,Apr,17,29,Thursday,5,No
2021-04-30,2021,2,4,April,Apr,17,30,Friday,6,No
2021-05-01,2021,2,5,May,May,17,1,Saturday,7,Yes
2021-05-02,2021,2,5,May,May,17,2,Sunday,1,Yes
2021-05-03,2021,2,5,May,May,18,3,Monday,2,No
2021-05-04,2021,2,5,May,May,18,4,Tuesday,3,No
2021-05-05,2021,2,5,May,May,18,5,Wednesday,4,No
2021-05-06,2021,2,5,May,May,18,6,Thursday,5,No
2021-05-07,2021,2,5,May,May,18,7,Friday,6,No
2021-05-08,2021,2,5,May,May,18,8,Saturday,7,Yes
2021-05-09,2021,2,5,May,May,18,9,Sunday,1,Yes
2021-05-10,2021,2,5,May,May,19,10,Monday,2,No
2021-05-11,2021,2,5,May,May,19,11,Tuesday,3,No
2021-05-12,2021,2,5,May,May,19,12,Wednesday,4,No
2021-05-13,2021,2,5,May,May,19,13,Thursday,5,No
2021-05-14,2021,2,5,May,May,19,14,Friday,6,No
2021-05-15,2021,2,5,May,May,19,15,Saturday,7,Yes
2021-05-16,2021,2,5,May,May,19,16,Sunday,1,Yes
2021-05-17,2021,2,5,May,May,20,17,Monday,2,No
2021-05-18,2021,2,5,May,May,20,18,Tuesday,3,No
2021-05-19,2021,2,5,May,May,20,19,Wednesday,4,No
2021-05-20,2021,2,5,May,May,20,20,Thursday,5,No
2021-05-21,2021,2,5,May,May,20,21,Friday,6,No
2021-05-22,2021,2,5,May,May,20,22,Saturday,7,Yes
2021-05-23,2021,2,5,May,May,20,23,Sunday,1,Yes
2021-05-24,2021,2,5,May,May,21,24,Monday,2,No
2021-05-25,2021,2,5,May,May,21,25,Tuesday,3,No
2021-05-26,2021,2,5,May,May,21,26,Wednesday,4,No
2021-05-27,2021,2,5,May,May,21,27,Thursday,5,No
2021-05-28,2021,2,5,May,May,21,28,Friday,6,No
2021-05-29,2021,2,5,May,May,21,29,Saturday,7,Yes
2021-05-30,2021,2,5,May,May,21,30,Sunday,1,Yes
2021-05-31,2021,2,5,May,May,22,31,Monday,2,No
2021-06-01,2021,2,6,June,Jun,22,1,Tuesday,3,No
2021-06-02,2021,2,6,June,Jun,22,2,Wednesday,4,No
2021-06-03,2021,2,6,June,Jun,22,3,Thursday,5,No
2021-06-04,2021,2,6,June,Jun,22,4,Friday,6,No
2021-06-05,2021,2,6,June,Jun,22,5,Saturday,7,Yes
2021-06-06,2021,2,6,June,Jun,22,6,Sunday,1,Yes
2021-06-07,2021,2,6,June,Jun,23,7,Monday,2,No
2021-06-08,2021,2,6,June,Jun,23,8,Tuesday,3,No
2021-06-09,2021,2,6,June,Jun,23,9,Wednesday,4,No
2021-06-10,2021,2,6,June,Jun,23,10,Thursday,5,No
2021-06-11,2021,2,6,June,Jun,23,11,Friday,6,No
2021-06-12,2021,2,6,June,Jun,23,12,Saturday,7,Yes
2021-06-13,2021,2,6,June,Jun,23,13,Sunday,1,Yes
2021-06-14,2021,2,6,June,Jun,24,14,Monday,2,No
2021-06-15,2021,2,6,June,Jun,24,15,Tuesday,3,No
2021-06-16,2021,2,6,June,Jun,24,16,Wednesday,4,No
2021-06-17,2021,2,6,June,Jun,24,17,Thursday,5,No
2021-06-18,2021,2,6,June,Jun,24,18,Friday,6,No
2021-06-19,2021,2,6,June,Jun,24,19,Saturday,7,Yes
2021-06-20,2021,2,6,June,Jun,24,20,Sunday,1,Yes
2021-06-21,2021,2,6,June,Jun,25,21,Monday,2,No
2021-06-22,2021,2,6,June,Jun,25,22,Tuesday,3,No
2021-06-23,2021,2,6,June,Jun,25,23,Wednesday,4,No
2021-06-24,2021,2,6,June,Jun,25,24,Thursday,5,No
2021-06-25,2021,2,6,June,Jun,25,25,Friday,6,No
2021-06-26,2021,2,6,June,Jun,25,26,Saturday,7,Yes
2021-06-27,2021,2,6,June,Jun,25,27,Sunday,1,Yes
2021-06-28,2021,2,6,June,Jun,26,28,Monday,2,No
2021-06-29,2021,2,6,June,Jun,26,29,Tuesday,3,No
2021-06-30,2021,2,6,June,Jun,26,30,Wednesday,4,No
2021-07-01,2021,3,7,July,Jul,26,1,Thursday,5,No
2021-07-02,2021,3,7,July,Jul,26,2,Friday,6,No
2021-07-03,2021,3,7,July,Jul,26,3,Saturday,7,Yes
2021-07-04,2021,3,7,July,Jul,26,4,Sunday,1,Yes
2021-07-05,2021,3,7,July,Jul,27,5,Monday,2,No
2021-07-06,2021,3,7,July,Jul,27,6,Tuesday,3,No
2021-07-07,2021,3,7,July,Jul,27,7,Wednesday,4,No
2021-07-08,2021,3,7,July,Jul,27,8,Thursday,5,No
2021-07-09,2021,3,7,July,Jul,27,9,Friday,6,No
2021-07-10,2021,3,7,July,Jul,27,10,Saturday,7,Yes
2021-07-11,2021,3,7,July,Jul,27,11,Sunday,1,Yes
2021-07-12,2021,3,7,July,Jul,28,12,Monday,2,No
2021-07-13,2021,3,7,July,Jul,28,13,Tuesday,3,No
2021-07-14,2021,3,7,July,Jul,28,14,Wednesday,4,No
2021-07-15,2021,3,7,July,Jul,28,15,Thursday,5,No
2021-07-16,2021,3,7,July,Jul,28,16,Friday,6,No
2021-07-17,2021,3,7,July,Jul,28,17,Saturday,7,Yes
2021-07-18,2021,3,7,July,Jul,28,18,Sunday,1,Yes
2021-07-19,2021,3,7,July,Jul,29,19,Monday,2,No
2021-07-20,2021,3,7,July,Jul,29,20,Tuesday,3,No
2021-07-21,2021,3,7,July,Jul,29,21,Wednesday,4,No
2021-07-22,2021,3,7,July,Jul,29,22,Thursday,5,No
2021-07-23,2021,3,7,July,Jul,29,23,Friday,6,No
2021-07-24,2021,3,7,July,Jul,29,24,Saturday,7,Yes
2021-07-25,2021,3,7,July,Jul,29,25,Sunday,1,Yes
2021-07-26,2021,3,7,July,Jul,30,26,Monday,2,No
2021-07-27,2021,3,7,July,Jul,30,27,Tuesday,3,No
2021-07-28,2021,3,7,July,Jul,30,28,Wednesday,4,No
2021-07-29,2021,3,7,July,Jul,30,29,Thursday,5,No
2021-07-30,2021,3,7,July,Jul,30,30,Friday,6,No
2021-07-31,2021,3,7,July,Jul,30,31,Saturday,7,Yes
2021-08-01,2021,3,8,August,Aug,30,1,Sunday,1,Yes
2021-08-02,2021,3,8,August,Aug,31,2,Monday,2,No
2021-08-03,2021,3,8,August,Aug,31,3,Tuesday,3,No
2021-08-04,2021,3,8,August,Aug,31,4,Wednesday,4,No
2021-08-05,2021,3,8,August,Aug,31,5,Thursday,5,No
2021-08-06,2021,3,8,August,Aug,31,6,Friday,6,No
2021-08-07,2021,3,8,August,Aug,31,7,Saturday,7,Yes
2021-08-08,2021,3,8,August,Aug,31,8,Sunday,1,Yes
2021-08-09,2021,3,8,August,Aug,32,9,Monday,2,No
2021-08-10,2021,3,8,August,Aug,32,10,Tuesday,3,No
2021-08-11,2021,3,8,August,Aug,32,11,Wednesday,4,No
2021-08-12,2021,3,8,August,Aug,32,12,Thursday,5,No
2021-08-13,2021,3,8,August,Aug,32,13,Friday,6,No
2021-08-14,2021,3,8,August,Aug,32,14,Saturday,7,Yes
2021-08-15,2021,3,8,August,Aug,32,15,Sunday,1,Yes
2021-08-16,2021,3,8,August,Aug,33,16,Monday,2,No
2021-08-17,2021,3,8,August,Aug,33,17,Tuesday,3,No
2021-08-18,2021,3,8,August,Aug,33,18,Wednesday,4,No
2021-08-19,2021,3,8,August,Aug,33,19,Thursday,5,No
2021-08-20,2021,3,8,August,Aug,33,20,Friday,6,No
2021-08-21,2021,3,8,August,Aug,33,21,Saturday,7,Yes
2021-08-22,2021,3,8,August,Aug,33,22,Sunday,1,Yes
2021-08-23,2021,3,8,August,Aug,34,23,Monday,2,No
2021-08-24,2021,3,8,August,Aug,34,24,Tuesday,3,No
2021-08-25,2021,3,8,August,Aug,34,25,Wednesday,4,No
2021-08-26,2021,3,8,August,Aug,34,26,Thursday,5,No
2021-08-27,2021,3,8,August,Aug,34,27,Friday,6,No
2021-08-28,2021,3,8,August,Aug,34,28,Saturday,7,Yes
2021-08-29,2021,3,8,August,Aug,34,29,Sunday,1,Yes
2021-08-30,2021,3,8,August,Aug,35,30,Monday,2,No
2021-08-31,2021,3,8,August,Aug,35,31,Tuesday,3,No
2021-09-01,2021,3,9,September,Sep,35,1,Wednesday,4,No
2021-09-02,2021,3,9,September,Sep,35,2,Thursday,5,No
2021-09-03,2021,3,9,September,Sep,35,3,Friday,6,No
2021-09-04,2021,3,9,September,Sep,35,4,Saturday,7,Yes
2021-09-05,2021,3,9,September,Sep,35,5,Sunday,1,Yes
2021-09-06,2021,3,9,September,Sep,36,6,Monday,2,No
2021-09-07,2021,3,9,September,Sep,36,7,Tuesday,3,No
2021-09-08,2021,3,9,September,Sep,36,8,Wednesday,4,No
2021-09-09,2021,3,9,September,Sep,36,9,Thursday,5,No
2021-09-10,2021,3,9,September,Sep,36,10,Friday,6,No
2021-09-11,2021,3,9,September,Sep,36,11,Saturday,7,Yes
2021-09-12,2021,3,9,September,Sep,36,12,Sunday,1,Yes
2021-09-13,2021,3,9,September,Sep,37,13,Monday,2,No
2021-09-14,2021,3,9,September,Sep,37,14,Tuesday,3,No
2021-09-15,2021,3,9,September,Sep,37,15,Wednesday,4,No
2021-09-16,2021,3,9,September,Sep,37,16,Thursday,5,No
2021-09-17,2021,3,9,September,Sep,37,17,Friday,6,No
2021-09-18,2021,3,9,September,Sep,37,18,Saturday,7,Yes
2021-09-19,2021,3,9,September,Sep,37,19,Sunday,1,Yes
2021-09-20,2021,3,9,September,Sep,38,20,Monday,2,No
2021-09-21,2021,3,9,September,Sep,38,21,Tuesday,3,No
2021-09-22,2021,3,9,September,Sep,38,22,Wednesday,4,No
2021-09-23,2021,3,9,September,Sep,38,23,Thursday,5,No
2021-09-24,2021,3,9,September,Sep,38,24,Friday,6,No
2021-09-25,2021,3,9,September,Sep,38,25,Saturday,7,Yes
2021-09-26,2021,3,9,September,Sep,38,26,Sunday,1,Yes
2021-09-27,2021,3,9,September,Sep,39,27,Monday,2,No
2021-09-28,2021,3,9,September,Sep,39,28,Tuesday,3,No
2021-09-29,2021,3,9,September,Sep,39,29,Wednesday,4,No
2021-09-30,2021,3,9,September,Sep,39,30,Thursday,5,No
2021-10-01,2021,4,10,October,Oct,39,1,Friday,6,No
2021-10-02,2021,4,10,October,Oct,39,2,Saturday,7,Yes
2021-10-03,2021,4,10,October,Oct,39,3,Sunday,1,Yes
2021-10-04,2021,4,10,October,Oct,40,4,Monday,2,No
2021-10-05,2021,4,10,October,Oct,40,5,Tuesday,3,No
2021-10-06,2021,4,10,October,Oct,40,6,Wednesday,4,No
2021-10-07,2021,4,10,October,Oct,40,7,Thursday,5,No
2021-10-08,2021,4,10,October,Oct,40,8,Friday,6,No
2021-10-09,2021,4,10,October,Oct,40,9,Saturday,7,Yes
2021-10-10,2021,4,10,October,Oct,40,10,Sunday,1,Yes
2021-10-11,2021,4,10,October,Oct,41,11,Monday,2,No
2021-10-12,2021,4,10,October,Oct,41,12,Tuesday,3,No
2021-10-13,2021,4,10,October,Oct,41,13,Wednesday,4,No
2021-10-14,2021,4,10,October,Oct,41,14,Thursday,5,No
2021-10-15,2021,4,10,October,Oct,41,15,Friday,6,No
2021-10-16,2021,4,10,October,Oct,41,16,Saturday,7,Yes
2021-10-17,2021,4,10,October,Oct,41,17,Sunday,1,Yes
2021-10-18,2021,4,10,October,Oct,42,18,Monday,2,No
2021-10-19,2021,4,10,October,Oct,42,19,Tuesday,3,No
2021-10-20,2021,4,10,October,Oct,42,20,Wednesday,4,No
2021-10-21,2021,4,10,October,Oct,42,21,Thursday,5,No
2021-10-22,2021,4,10,October,Oct,42,22,Friday,6,No
2021-10-23,2021,4,10,October,Oct,42,23,Saturday,7,Yes
2021-10-24,2021,4,10,October,Oct,42,24,Sunday,1,Yes
2021-10-25,2021,4,10,October,Oct,43,25,Monday,2,No
2021-10-26,2021,4,10,October,Oct,43,26,Tuesday,3,No
2021-10-27,2021,4,10,October,Oct,43,27,Wednesday,4,No
2021-10-28,2021,4,10,October,Oct,43,28,Thursday,5,No
2021-10-29,2021,4,10,October,Oct,43,29,Friday,6,No
2021-10-30,2021,4,10,October,Oct,43,30,Saturday,7,Yes
2021-10-31,2021,4,10,October,Oct,43,31,Sunday,1,Yes
2021-11-01,2021,4,11,November,Nov,44,1,Monday,2,No
2021-11-02,2021,4,11,November,Nov,44,2,Tuesday,3,No
2021-11-03,2021,4,11,November,Nov,44,3,Wednesday,4,No
2021-11-04,2021,4,11,November,Nov,44,4,Thursday,5,No
2021-11-05,2021,4,11,November,Nov,44,5,Friday,6,No
2021-11-06,2021,4,11,November,Nov,44,6,Saturday,7,Yes
2021-11-07,2021,4,11,November,Nov,44,7,Sunday,1,Yes
2021-11-08,2021,4,11,November,Nov,45,8,Monday,2,No
2021-11-09,2021,4,11,November,Nov,45,9,Tuesday,3,No
2021-11-10,2021,4,11,November,Nov,45,10,Wednesday,4,No
2021-11-11,2021,4,11,November,Nov,45,11,Thursday,5,No
2021-11-12,2021,4,11,November,Nov,45,12,Friday,6,No
2021-11-13,2021,4,11,November,Nov,45,13,Saturday,7,Yes
2021-11-14,2021,4,11,November,Nov,45,14,Sunday,1,Yes
2021-11-15,2021,4,11,November,Nov,46,15,Monday,2,No
2021-11-16,2021,4,11,November,Nov,46,16,Tuesday,3,No
2021-11-17,2021,4,11,November,Nov,46,17,Wednesday,4,No
2021-11-18,2021,4,11,November,Nov,46,18,Thursday,5,No
2021-11-19,2021,4,11,November,Nov,46,19,Friday,6,No
2021-11-20,2021,4,11,November,Nov,46,20,Saturday,7,Yes
2021-11-21,2021,4,11,November,Nov,46,21,Sunday,1,Yes
2021-11-22,2021,4,11,November,Nov,47,22,Monday,2,No
2021-11-23,2021,4,11,November,Nov,47,23,Tuesday,3,No
2021-11-24,2021,4,11,November,Nov,47,24,Wednesday,4,No
2021-11-25,2021,4,11,November,Nov,47,25,Thursday,5,No
2021-11-26,2021,4,11,November,Nov,47,26,Friday,6,No
2021-11-27,2021,4,11,November,Nov,47,27,Saturday,7,Yes
2021-11-28,2021,4,11,November,Nov,47,28,Sunday,1,Yes
2021-11-29,2021,4,11,November,Nov,48,29,Monday,2,No
2021-11-30,2021,4,11,November,Nov,48,30,Tuesday,3,No
2021-12-01,2021,4,12,December,Dec,48,1,Wednesday,4,No
2021-12-02,2021,4,12,December,Dec,48,2,Thursday,5,No
2021-12-03,2021,4,12,December,Dec,48,3,Friday,6,No
2021-12-04,2021,4,12,December,Dec,48,4,Saturday,7,Yes
2021-12-05,2021,4,12,December,Dec,48,5,Sunday,1,Yes
2021-12-06,2021,4,12,December,Dec,49,6,Monday,2,No
2021-12-07,2021,4,12,December,Dec,49,7,Tuesday,3,No
2021-12-08,2021,4,12,December,Dec,49,8,Wednesday,4,No
2021-12-09,2021,4,12,December,Dec,49,9,Thursday,5,No
2021-12-10,2021,4,12,December,Dec,49,10,Friday,6,No
2021-12-11,2021,4,12,December,Dec,49,11,Saturday,7,Yes
2021-12-12,2021,4,12,December,Dec,49,12,Sunday,1,Yes
2021-12-13,2021,4,12,December,Dec,50,13,Monday,2,No
2021-12-14,2021,4,12,December,Dec,50,14,Tuesday,3,No
2021-12-15,2021,4,12,December,Dec,50,15,Wednesday,4,No
2021-12-16,2021,4,12,December,Dec,50,16,Thursday,5,No
2021-12-17,2021,4,12,December,Dec,50,17,Friday,6,No
2021-12-18,2021,4,12,December,Dec,50,18,Saturday,7,Yes
2021-12-19,2021,4,12,December,Dec,50,19,Sunday,1,Yes
2021-12-20,2021,4,12,December,Dec,51,20,Monday,2,No
2021-12-21,2021,4,12,December,Dec,51,21,Tuesday,3,No
2021-12-22,2021,4,12,December,Dec,51,22,Wednesday,4,No
2021-12-23,2021,4,12,December,Dec,51,23,Thursday,5,No
2021-12-24,2021,4,12,December,Dec,51,24,Friday,6,No
2021-12-25,2021,4,12,December,Dec,51,25,Saturday,7,Yes
2021-12-26,2021,4,12,December,Dec,51,26,Sunday,1,Yes
2021-12-27,2021,4,12,December,Dec,52,27,Monday,2,No
2021-12-28,2021,4,12,December,Dec,52,28,Tuesday,3,No
2021-12-29,2021,4,12,December,Dec,52,29,Wednesday,4,No
2021-12-30,2021,4,12,December,Dec,52,30,Thursday,5,No
2021-12-31,2021,4,12,December,Dec,52,31,Friday,6,No
2022-01-01,2022,1,1,January,Jan,52,1,Saturday,7,Yes
2022-01-02,2022,1,1,January,Jan,52,2,Sunday,1,Yes
2022-01-03,2022,1,1,January,Jan,1,3,Monday,2,No
2022-01-04,2022,1,1,January,Jan,1,4,Tuesday,3,No
2022-01-05,2022,1,1,January,Jan,1,5,Wednesday,4,No
2022-01-06,2022,1,1,January,Jan,1,6,Thursday,5,No
2022-01-07,2022,1,1,January,Jan,1,7,Friday,6,No
2022-01-08,2022,1,1,January,Jan,1,8,Saturday,7,Yes
2022-01-09,2022,1,1,January,Jan,1,9,Sunday,1,Yes
2022-01-10,2022,1,1,January,Jan,2,10,Monday,2,No
2022-01-11,2022,1,1,January,Jan,2,11,Tuesday,3,No
2022-01-12,2022,1,1,January,Jan,2,12,Wednesday,4,No
2022-01-13,2022,1,1,January,Jan,2,13,Thursday,5,No
2022-01-14,2022,1,1,January,Jan,2,14,Friday,6,No
2022-01-15,2022,1,1,January,Jan,2,15,Saturday,7,Yes
2022-01-16,2022,1,1,January,Jan,2,16,Sunday,1,Yes
2022-01-17,2022,1,1,January,Jan,3,17,Monday,2,No
2022-01-18,2022,1,1,January,Jan,3,18,Tuesday,3,No
2022-01-19,2022,1,1,January,Jan,3,19,Wednesday,4,No
2022-01-20,2022,1,1,January,Jan,3,20,Thursday,5,No
2022-01-21,2022,1,1,January,Jan,3,21,Friday,6,No
2022-01-22,2022,1,1,January,Jan,3,22,Saturday,7,Yes
2022-01-23,2022,1,1,January,Jan,3,23,Sunday,1,Yes
2022-01-24,2022,1,1,January,Jan,4,24,Monday,2,No
2022-01-25,2022,1,1,January,Jan,4,25,Tuesday,3,No
2022-01-26,2022,1,1,January,Jan,4,26,Wednesday,4,No
2022-01-27,2022,1,1,January,Jan,4,27,Thursday,5,No
2022-01-28,2022,1,1,January,Jan,4,28,Friday,6,No
2022-01-29,2022,1,1,January,Jan,4,29,Saturday,7,Yes
2022-01-30,2022,1,1,January,Jan,4,30,Sunday,1,Yes
2022-01-31,2022,1,1,January,Jan,5,31,Monday,2,No
2022-02-01,2022,1,2,February,Feb,5,1,Tuesday,3,No
2022-02-02,2022,1,2,February,Feb,5,2,Wednesday,4,No
2022-02-03,2022,1,2,February,Feb,5,3,Thursday,5,No
2022-02-04,2022,1,2,February,Feb,5,4,Friday,6,No
2022-02-05,2022,1,2,February,Feb,5,5,Saturday,7,Yes
2022-02-06,2022,1,2,February,Feb,5,6,Sunday,1,Yes
2022-02-07,2022,1,2,February,Feb,6,7,Monday,2,No
2022-02-08,2022,1,2,February,Feb,6,8,Tuesday,3,No
2022-02-09,2022,1,2,February,Feb,6,9,Wednesday,4,No
2022-02-10,2022,1,2,February,Feb,6,10,Thursday,5,No
2022-02-11,2022,1,2,February,Feb,6,11,Friday,6,No
2022-02-12,2022,1,2,February,Feb,6,12,Saturday,7,Yes
2022-02-13,2022,1,2,February,Feb,6,13,Sunday,1,Yes
2022-02-14,2022,1,2,February,Feb,7,14,Monday,2,No
2022-02-15,2022,1,2,February,Feb,7,15,Tuesday,3,No
2022-02-16,2022,1,2,February,Feb,7,16,Wednesday,4,No
2022-02-17,2022,1,2,February,Feb,7,17,Thursday,5,No
2022-02-18,2022,1,2,February,Feb,7,18,Friday,6,No
2022-02-19,2022,1,2,February,Feb,7,19,Saturday,7,Yes
2022-02-20,2022,1,2,February,Feb,7,20,Sunday,1,Yes
2022-02-21,2022,1,2,February,Feb,8,21,Monday,2,No
2022-02-22,2022,1,2,February,Feb,8,22,Tuesday,3,No
2022-02-23,2022,1,2,February,Feb,8,23,Wednesday,4,No
2022-02-24,2022,1,2,February,Feb,8,24,Thursday,5,No
2022-02-25,2022,1,2,February,Feb,8,25,Friday,6,No
2022-02-26,2022,1,2,February,Feb,8,26,Saturday,7,Yes
2022-02-27,2022,1,2,February,Feb,8,27,Sunday,1,Yes
2022-02-28,2022,1,2,February,Feb,9,28,Monday,2,No
2022-03-01,2022,1,3,March,Mar,9,1,Tuesday,3,No
2022-03-02,2022,1,3,March,Mar,9,2,Wednesday,4,No
2022-03-03,2022,1,3,March,Mar,9,3,Thursday,5,No
2022-03-04,2022,1,3,March,Mar,9,4,Friday,6,No
2022-03-05,2022,1,3,March,Mar,9,5,Saturday,7,Yes
2022-03-06,2022,1,3,March,Mar,9,6,Sunday,1,Yes
2022-03-07,2022,1,3,March,Mar,10,7,Monday,2,No
2022-03-08,2022,1,3,March,Mar,10,8,Tuesday,3,No
2022-03-09,2022,1,3,March,Mar,10,9,Wednesday,4,No
2022-03-10,2022,1,3,March,Mar,10,10,Thursday,5,No
2022-03-11,2022,1,3,March,Mar,10,11,Friday,6,No
2022-03-12,2022,1,3,March,Mar,10,12,Saturday,7,Yes
2022-03-13,2022,1,3,March,Mar,10,13,Sunday,1,Yes
2022-03-14,2022,1,3,March,Mar,11,14,Monday,2,No
2022-03-15,2022,1,3,March,Mar,11,15,Tuesday,3,No
2022-03-16,2022,1,3,March,Mar,11,16,Wednesday,4,No
2022-03-17,2022,1,3,March,Mar,11,17,Thursday,5,No
2022-03-18,2022,1,3,March,Mar,11,18,Friday,6,No
2022-03-19,2022,1,3,March,Mar,11,19,Saturday,7,Yes
2022-03-20,2022,1,3,March,Mar,11,20,Sunday,1,Yes
2022-03-21,2022,1,3,March,Mar,12,21,Monday,2,No
2022-03-22,2022,1,3,March,Mar,12,22,Tuesday,3,No
2022-03-23,2022,1,3,March,Mar,12,23,Wednesday,4,No
2022-03-24,2022,1,3,March,Mar,12,24,Thursday,5,No
2022-03-25,2022,1,3,March,Mar,12,25,Friday,6,No
2022-03-26,2022,1,3,March,Mar,12,26,Saturday,7,Yes
2022-03-27,2022,1,3,March,Mar,12,27,Sunday,1,Yes
2022-03-28,2022,1,3,March,Mar,13,28,Monday,2,No
2022-03-29,2022,1,3,March,Mar,13,29,Tuesday,3,No
2022-03-30,2022,1,3,March,Mar,13,30,Wednesday,4,No
2022-03-31,2022,1,3,March,Mar,13,31,Thursday,5,No
2022-04-01,2022,2,4,April,Apr,13,1,Friday,6,No
2022-04-02,2022,2,4,April,Apr,13,2,Saturday,7,Yes
2022-04-03,2022,2,4,April,Apr,13,3,Sunday,1,Yes
2022-04-04,2022,2,4,April,Apr,14,4,Monday,2,No
2022-04-05,2022,2,4,April,Apr,14,5,Tuesday,3,No
2022-04-06,2022,2,4,April,Apr,14,6,Wednesday,4,No
2022-04-07,2022,2,4,April,Apr,14,7,Thursday,5,No
2022-04-08,2022,2,4,April,Apr,14,8,Friday,6,No
2022-04-09,2022,2,4,April,Apr,14,9,Saturday,7,Yes
2022-04-10,2022,2,4,April,Apr,14,10,Sunday,1,Yes
2022-04-11,2022,2,4,April,Apr,15,11,Monday,2,No
2022-04-12,2022,2,4,April,Apr,15,12,Tuesday,3,No
2022-04-13,2022,2,4,April,Apr,15,13,Wednesday,4,No
2022-04-14,2022,2,4,April,Apr,15,14,Thursday,5,No
2022-04-15,2022,2,4,April,Apr,15,15,Friday,6,No
2022-04-16,2022,2,4,April,Apr,15,16,Saturday,7,Yes
2022-04-17,2022,2,4,April,Apr,15,17,Sunday,1,Yes
2022-04-18,2022,2,4,April,Apr,16,18,Monday,2,No
2022-04-19,2022,2,4,April,Apr,16,19,Tuesday,3,No
2022-04-20,2022,2,4,April,Apr,16,20,Wednesday,4,No
2022-04-21,2022,2,4,April,Apr,16,21,Thursday,5,No
2022-04-22,2022,2,4,April,Apr,16,22,Friday,6,No
2022-04-23,2022,2,4,April,Apr,16,23,Saturday,7,Yes
2022-04-24,2022,2,4,April,Apr,16,24,Sunday,1,Yes
2022-04-25,2022,2,4,April,Apr,17,25,Monday,2,No
2022-04-26,2022,2,4,April,Apr,17,26,Tuesday,3,No
2022-04-27,2022,2,4,April,Apr,17,27,Wednesday,4,No
2022-04-28,2022,2,4,April,Apr,17,28,Thursday,5,No
2022-04-29,2022,2,4,April,Apr,17,29,Friday,6,No
2022-04-30,2022,2,4,April,Apr,17,30,Saturday,7,Yes
2022-05-01,2022,2,5,May,May,17,1,Sunday,1,Yes
2022-05-02,2022,2,5,May,May,18,2,Monday,2,No
2022-05-03,2022,2,5,May,May,18,3,Tuesday,3,No
2022-05-04,2022,2,5,May,May,18,4,Wednesday,4,No
2022-05-05,2022,2,5,May,May,18,5,Thursday,5,No
2022-05-06,2022,2,5,May,May,18,6,Friday,6,No
2022-05-07,2022,2,5,May,May,18,7,Saturday,7,Yes
2022-05-08,2022,2,5,May,May,18,8,Sunday,1,Yes
2022-05-09,2022,2,5,May,May,19,9,Monday,2,No
2022-05-10,2022,2,5,May,May,19,10,Tuesday,3,No
2022-05-11,2022,2,5,May,May,19,11,Wednesday,4,No
2022-05-12,2022,2,5,May,May,19,12,Thursday,5,No
2022-05-13,2022,2,5,May,May,19,13,Friday,6,No
2022-05-14,2022,2,5,May,May,19,14,Saturday,7,Yes
2022-05-15,2022,2,5,May,May,19,15,Sunday,1,Yes
2022-05-16,2022,2,5,May,May,20,16,Monday,2,No
2022-05-17,2022,2,5,May,May,20,17,Tuesday,3,No
2022-05-18,2022,2,5,May,May,20,18,Wednesday,4,No
2022-05-19,2022,2,5,May,May,20,19,Thursday,5,No
2022-05-20,2022,2,5,May,May,20,20,Friday,6,No
2022-05-21,2022,2,5,May,May,20,21,Saturday,7,Yes
2022-05-22,2022,2,5,May,May,20,22,Sunday,1,Yes
2022-05-23,2022,2,5,May,May,21,23,Monday,2,No
2022-05-24,2022,2,5,May,May,21,24,Tuesday,3,No
2022-05-25,2022,2,5,May,May,21,25,Wednesday,4,No
2022-05-26,2022,2,5,May,May,21,26,Thursday,5,No
2022-05-27,2022,2,5,May,May,21,27,Friday,6,No
2022-05-28,2022,2,5,May,May,21,28,Saturday,7,Yes
2022-05-29,2022,2,5,May,May,21,29,Sunday,1,Yes
2022-05-30,2022,2,5,May,May,22,30,Monday,2,No
2022-05-31,2022,2,5,May,May,22,31,Tuesday,3,No
2022-06-01,2022,2,6,June,Jun,22,1,Wednesday,4,No
2022-06-02,2022,2,6,June,Jun,22,2,Thursday,5,No
2022-06-03,2022,2,6,June,Jun,22,3,Friday,6,No
2022-06-04,2022,2,6,June,Jun,22,4,Saturday,7,Yes
2022-06-05,2022,2,6,June,Jun,22,5,Sunday,1,Yes
2022-06-06,2022,2,6,June,Jun,23,6,Monday,2,No
2022-06-07,2022,2,6,June,Jun,23,7,Tuesday,3,No
2022-06-08,2022,2,6,June,Jun,23,8,Wednesday,4,No
2022-06-09,2022,2,6,June,Jun,23,9,Thursday,5,No
2022-06-10,2022,2,6,June,Jun,23,10,Friday,6,No
2022-06-11,2022,2,6,June,Jun,23,11,Saturday,7,Yes
2022-06-12,2022,2,6,June,Jun,23,12,Sunday,1,Yes
2022-06-13,2022,2,6,June,Jun,24,13,Monday,2,No
2022-06-14,2022,2,6,June,Jun,24,14,Tuesday,3,No
2022-06-15,2022,2,6,June,Jun,24,15,Wednesday,4,No
2022-06-16,2022,2,6,June,Jun,24,16,Thursday,5,No
2022-06-17,2022,2,6,June,Jun,24,17,Friday,6,No
2022-06-18,2022,2,6,June,Jun,24,18,Saturday,7,Yes
2022-06-19,2022,2,6,June,Jun,24,19,Sunday,1,Yes
2022-06-20,2022,2,6,June,Jun,25,20,Monday,2,No
2022-06-21,2022,2,6,June,Jun,25,21,Tuesday,3,No
2022-06-22,2022,2,6,June,Jun,25,22,Wednesday,4,No
2022-06-23,2022,2,6,June,Jun,25,23,Thursday,5,No
2022-06-24,2022,2,6,June,Jun,25,24,Friday,6,No
2022-06-25,2022,2,6,June,Jun,25,25,Saturday,7,Yes
2022-06-26,2022,2,6,June,Jun,25,26,Sunday,1,Yes
2022-06-27,2022,2,6,June,Jun,26,27,Monday,2,No
2022-06-28,2022,2,6,June,Jun,26,28,Tuesday,3,No
2022-06-29,2022,2,6,June,Jun,26,29,Wednesday,4,No
2022-06-30,2022,2,6,June,Jun,26,30,Thursday,5,No
2022-07-01,2022,3,7,July,Jul,26,1,Friday,6,No
2022-07-02,2022,3,7,July,Jul,26,2,Saturday,7,Yes
2022-07-03,2022,3,7,July,Jul,26,3,Sunday,1,Yes
2022-07-04,2022,3,7,July,Jul,27,4,Monday,2,No
2022-07-05,2022,3,7,July,Jul,27,5,Tuesday,3,No
2022-07-06,2022,3,7,July,Jul,27,6,Wednesday,4,No
2022-07-07,2022,3,7,July,Jul,27,7,Thursday,5,No
2022-07-08,2022,3,7,July,Jul,27,8,Friday,6,No
2022-07-09,2022,3,7,July,Jul,27,9,Saturday,7,Yes
2022-07-10,2022,3,7,July,Jul,27,10,Sunday,1,Yes
2022-07-11,2022,3,7,July,Jul,28,11,Monday,2,No
2022-07-12,2022,3,7,July,Jul,28,12,Tuesday,3,No
2022-07-13,2022,3,7,July,Jul,28,13,Wednesday,4,No
2022-07-14,2022,3,7,July,Jul,28,14,Thursday,5,No
2022-07-15,2022,3,7,July,Jul,28,15,Friday,6,No
2022-07-16,2022,3,7,July,Jul,28,16,Saturday,7,Yes
2022-07-17,2022,3,7,July,Jul,28,17,Sunday,1,Yes
2022-07-18,2022,3,7,July,Jul,29,18,Monday,2,No
2022-07-19,2022,3,7,July,Jul,29,19,Tuesday,3,No
2022-07-20,2022,3,7,July,Jul,29,20,Wednesday,4,No
2022-07-21,2022,3,7,July,Jul,29,21,Thursday,5,No
2022-07-22,2022,3,7,July,Jul,29,22,Friday,6,No
2022-07-23,2022,3,7,July,Jul,29,23,Saturday,7,Yes
2022-07-24,2022,3,7,July,Jul,29,24,Sunday,1,Yes
2022-07-25,2022,3,7,July,Jul,30,25,Monday,2,No
2022-07-26,2022,3,7,July,Jul,30,26,Tuesday,3,No
2022-07-27,2022,3,7,July,Jul,30,27,Wednesday,4,No
2022-07-28,2022,3,7,July,Jul,30,28,Thursday,5,No
2022-07-29,2022,3,7,July,Jul,30,29,Friday,6,No
2022-07-30,2022,3,7,July,Jul,30,30,Saturday,7,Yes
2022-07-31,2022,3,7,July,Jul,30,31,Sunday,1,Yes
2022-08-01,2022,3,8,August,Aug,31,1,Monday,2,No
2022-08-02,2022,3,8,August,Aug,31,2,Tuesday,3,No
2022-08-03,2022,3,8,August,Aug,31,3,Wednesday,4,No
2022-08-04,2022,3,8,August,Aug,31,4,Thursday,5,No
2022-08-05,2022,3,8,August,Aug,31,5,Friday,6,No
2022-08-06,2022,3,8,August,Aug,31,6,Saturday,7,Yes
2022-08-07,2022,3,8,August,Aug,31,7,Sunday,1,Yes
2022-08-08,2022,3,8,August,Aug,32,8,Monday,2,No
2022-08-09,2022,3,8,August,Aug,32,9,Tuesday,3,No
2022-08-10,2022,3,8,August,Aug,32,10,Wednesday,4,No
2022-08-11,2022,3,8,August,Aug,32,11,Thursday,5,No
2022-08-12,2022,3,8,August,Aug,32,12,Friday,6,No
2022-08-13,2022,3,8,August,Aug,32,13,Saturday,7,Yes
2022-08-14,2022,3,8,August,Aug,32,14,Sunday,1,Yes
2022-08-15,2022,3,8,August,Aug,33,15,Monday,2,No
2022-08-16,2022,3,8,August,Aug,33,16,Tuesday,3,No
2022-08-17,2022,3,8,August,Aug,33,17,Wednesday,4,No
2022-08-18,2022,3,8,August,Aug,33,18,Thursday,5,No
2022-08-19,2022,3,8,August,Aug,33,19,Friday,6,No
2022-08-20,2022,3,8,August,Aug,33,20,Saturday,7,Yes
2022-08-21,2022,3,8,August,Aug,33,21,Sunday,1,Yes
2022-08-22,2022,3,8,August,Aug,34,22,Monday,2,No
2022-08-23,2022,3,8,August,Aug,34,23,Tuesday,3,No
2022-08-24,2022,3,8,August,Aug,34,24,Wednesday,4,No
2022-08-25,2022,3,8,August,Aug,34,25,Thursday,5,No
2022-08-26,2022,3,8,August,Aug,34,26,Friday,6,No
2022-08-27,2022,3,8,August,Aug,34,27,Saturday,7,Yes
2022-08-28,2022,3,8,August,Aug,34,28,Sunday,1,Yes
2022-08-29,2022,3,8,August,Aug,35,29,Monday,2,No
2022-08-30,2022,3,8,August,Aug,35,30,Tuesday,3,No
2022-08-31,2022,3,8,August,Aug,35,31,Wednesday,4,No
2022-09-01,2022,3,9,September,Sep,35,1,Thursday,5,No
2022-09-02,2022,3,9,September,Sep,35,2,Friday,6,No
2022-09-03,2022,3,9,September,Sep,35,3,Saturday,7,Yes
2022-09-04,2022,3,9,September,Sep,35,4,Sunday,1,Yes
2022-09-05,2022,3,9,September,Sep,36,5,Monday,2,No
2022-09-06,2022,3,9,September,Sep,36,6,Tuesday,3,No
2022-09-07,2022,3,9,September,Sep,36,7,Wednesday,4,No
2022-09-08,2022,3,9,September,Sep,36,8,Thursday,5,No
2022-09-09,2022,3,9,September,Sep,36,9,Friday,6,No
2022-09-10,2022,3,9,September,Sep,36,10,Saturday,7,Yes
2022-09-11,2022,3,9,September,Sep,36,11,Sunday,1,Yes
2022-09-12,2022,3,9,September,Sep,37,12,Monday,2,No
2022-09-13,2022,3,9,September,Sep,37,13,Tuesday,3,No
2022-09-14,2022,3,9,September,Sep,37,14,Wednesday,4,No
2022-09-15,2022,3,9,September,Sep,37,15,Thursday,5,No
2022-09-16,2022,3,9,September,Sep,37,16,Friday,6,No
2022-09-17,2022,3,9,September,Sep,37,17,Saturday,7,Yes
2022-09-18,2022,3,9,September,Sep,37,18,Sunday,1,Yes
2022-09-19,2022,3,9,September,Sep,38,19,Monday,2,No
2022-09-20,2022,3,9,September,Sep,38,20,Tuesday,3,No
2022-09-21,2022,3,9,September,Sep,38,21,Wednesday,4,No
2022-09-22,2022,3,9,September,Sep,38,22,Thursday,5,No
2022-09-23,2022,3,9,September,Sep,38,23,Friday,6,No
2022-09-24,2022,3,9,September,Sep,38,24,Saturday,7,Yes
2022-09-25,2022,3,9,September,Sep,38,25,Sunday,1,Yes
2022-09-26,2022,3,9,September,Sep,39,26,Monday,2,No
2022-09-27,2022,3,9,September,Sep,39,27,Tuesday,3,No
2022-09-28,2022,3,9,September,Sep,39,28,Wednesday,4,No
2022-09-29,2022,3,9,September,Sep,39,29,Thursday,5,No
2022-09-30,2022,3,9,September,Sep,39,30,Friday,6,No
2022-10-01,2022,4,10,October,Oct,39,1,Saturday,7,Yes
2022-10-02,2022,4,10,October,Oct,39,2,Sunday,1,Yes
2022-10-03,2022,4,10,October,Oct,40,3,Monday,2,No
2022-10-04,2022,4,10,October,Oct,40,4,Tuesday,3,No
2022-10-05,2022,4,10,October,Oct,40,5,Wednesday,4,No
2022-10-06,2022,4,10,October,Oct,40,6,Thursday,5,No
2022-10-07,2022,4,10,October,Oct,40,7,Friday,6,No
2022-10-08,2022,4,10,October,Oct,40,8,Saturday,7,Yes
2022-10-09,2022,4,10,October,Oct,40,9,Sunday,1,Yes
2022-10-10,2022,4,10,October,Oct,41,10,Monday,2,No
2022-10-11,2022,4,10,October,Oct,41,11,Tuesday,3,No
2022-10-12,2022,4,10,October,Oct,41,12,Wednesday,4,No
2022-10-13,2022,4,10,October,Oct,41,13,Thursday,5,No
2022-10-14,2022,4,10,October,Oct,41,14,Friday,6,No
2022-10-15,2022,4,10,October,Oct,41,15,Saturday,7,Yes
2022-10-16,2022,4,10,October,Oct,41,16,Sunday,1,Yes
2022-10-17,2022,4,10,October,Oct,42,17,Monday,2,No
2022-10-18,2022,4,10,October,Oct,42,18,Tuesday,3,No
2022-10-19,2022,4,10,October,Oct,42,19,Wednesday,4,No
2022-10-20,2022,4,10,October,Oct,42,20,Thursday,5,No
2022-10-21,2022,4,10,October,Oct,42,21,Friday,6,No
2022-10-22,2022,4,10,October,Oct,42,22,Saturday,7,Yes
2022-10-23,2022,4,10,October,Oct,42,23,Sunday,1,Yes
2022-10-24,2022,4,10,October,Oct,43,24,Monday,2,No
2022-10-25,2022,4,10,October,Oct,43,25,Tuesday,3,No
2022-10-26,2022,4,10,October,Oct,43,26,Wednesday,4,No
2022-10-27,2022,4,10,October,Oct,43,27,Thursday,5,No
2022-10-28,2022,4,10,October,Oct,43,28,Friday,6,No
2022-10-29,2022,4,10,October,Oct,43,29,Saturday,7,Yes
2022-10-30,2022,4,10,October,Oct,43,30,Sunday,1,Yes
2022-10-31,2022,4,10,October,Oct,44,31,Monday,2,No
2022-11-01,2022,4,11,November,Nov,44,1,Tuesday,3,No
2022-11-02,2022,4,11,November,Nov,44,2,Wednesday,4,No
2022-11-03,2022,4,11,November,Nov,44,3,Thursday,5,No
2022-11-04,2022,4,11,November,Nov,44,4,Friday,6,No
2022-11-05,2022,4,11,November,Nov,44,5,Saturday,7,Yes
2022-11-06,2022,4,11,November,Nov,44,6,Sunday,1,Yes
2022-11-07,2022,4,11,November,Nov,45,7,Monday,2,No
2022-11-08,2022,4,11,November,Nov,45,8,Tuesday,3,No
2022-11-09,2022,4,11,November,Nov,45,9,Wednesday,4,No
2022-11-10,2022,4,11,November,Nov,45,10,Thursday,5,No
2022-11-11,2022,4,11,November,Nov,45,11,Friday,6,No
2022-11-12,2022,4,11,November,Nov,45,12,Saturday,7,Yes
2022-11-13,2022,4,11,November,Nov,45,13,Sunday,1,Yes
2022-11-14,2022,4,11,November,Nov,46,14,Monday,2,No
2022-11-15,2022,4,11,November,Nov,46,15,Tuesday,3,No
2022-11-16,2022,4,11,November,Nov,46,16,Wednesday,4,No
2022-11-17,2022,4,11,November,Nov,46,17,Thursday,5,No
2022-11-18,2022,4,11,November,Nov,46,18,Friday,6,No
2022-11-19,2022,4,11,November,Nov,46,19,Saturday,7,Yes
2022-11-20,2022,4,11,November,Nov,46,20,Sunday,1,Yes
2022-11-21,2022,4,11,November,Nov,47,21,Monday,2,No
2022-11-22,2022,4,11,November,Nov,47,22,Tuesday,3,No
2022-11-23,2022,4,11,November,Nov,47,23,Wednesday,4,No
2022-11-24,2022,4,11,November,Nov,47,24,Thursday,5,No
2022-11-25,2022,4,11,November,Nov,47,25,Friday,6,No
2022-11-26,2022,4,11,November,Nov,47,26,Saturday,7,Yes
2022-11-27,2022,4,11,November,Nov,47,27,Sunday,1,Yes
2022-11-28,2022,4,11,November,Nov,48,28,Monday,2,No
2022-11-29,2022,4,11,November,Nov,48,29,Tuesday,3,No
2022-11-30,2022,4,11,November,Nov,48,30,Wednesday,4,No
2022-12-01,2022,4,12,December,Dec,48,1,Thursday,5,No
2022-12-02,2022,4,12,December,Dec,48,2,Friday,6,No
2022-12-03,2022,4,12,December,Dec,48,3,Saturday,7,Yes
2022-12-04,2022,4,12,December,Dec,48,4,Sunday,1,Yes
2022-12-05,2022,4,12,December,Dec,49,5,Monday,2,No
2022-12-06,2022,4,12,December,Dec,49,6,Tuesday,3,No
2022-12-07,2022,4,12,December,Dec,49,7,Wednesday,4,No
2022-12-08,2022,4,12,December,Dec,49,8,Thursday,5,No
2022-12-09,2022,4,12,December,Dec,49,9,Friday,6,No
2022-12-10,2022,4,12,December,Dec,49,10,Saturday,7,Yes
2022-12-11,2022,4,12,December,Dec,49,11,Sunday,1,Yes
2022-12-12,2022,4,12,December,Dec,50,12,Monday,2,No
2022-12-13,2022,4,12,December,Dec,50,13,Tuesday,3,No
2022-12-14,2022,4,12,December,Dec,50,14,Wednesday,4,No
2022-12-15,2022,4,12,December,Dec,50,15,Thursday,5,No
2022-12-16,2022,4,12,December,Dec,50,16,Friday,6,No
2022-12-17,2022,4,12,December,Dec,50,17,Saturday,7,Yes
2022-12-18,2022,4,12,December,Dec,50,18,Sunday,1,Yes
2022-12-19,2022,4,12,December,Dec,51,19,Monday,2,No
2022-12-20,2022,4,12,December,Dec,51,20,Tuesday,3,No
2022-12-21,2022,4,12,December,Dec,51,21,Wednesday,4,No
2022-12-22,2022,4,12,December,Dec,51,22,Thursday,5,No
2022-12-23,2022,4,12,December,Dec,51,23,Friday,6,No
2022-12-24,2022,4,12,December,Dec,51,24,Saturday,7,Yes
2022-12-25,2022,4,12,December,Dec,51,25,Sunday,1,Yes
2022-12-26,2022,4,12,December,Dec,52,26,Monday,2,No
2022-12-27,2022,4,12,December,Dec,52,27,Tuesday,3,No
2022-12-28,2022,4,12,December,Dec,52,28,Wednesday,4,No
2022-12-29,2022,4,12,December,Dec,52,29,Thursday,5,No
2022-12-31,2022,4,12,December,Dec,52,31,Saturday,7,Yes
2023-01-01,2023,1,1,January,Jan,52,1,Sunday,1,Yes
2023-01-02,2023,1,1,January,Jan,1,2,Monday,2,No
2023-01-03,2023,1,1,January,Jan,1,3,Tuesday,3,No
2023-01-04,2023,1,1,January,Jan,1,4,Wednesday,4,No
2023-01-05,2023,1,1,January,Jan,1,5,Thursday,5,No
2023-01-06,2023,1,1,January,Jan,1,6,Friday,6,No
2023-01-07,2023,1,1,January,Jan,1,7,Saturday,7,Yes
2023-01-08,2023,1,1,January,Jan,1,8,Sunday,1,Yes
2023-01-09,2023,1,1,January,Jan,2,9,Monday,2,No
2023-01-10,2023,1,1,January,Jan,2,10,Tuesday,3,No
2023-01-11,2023,1,1,January,Jan,2,11,Wednesday,4,No
2023-01-12,2023,1,1,January,Jan,2,12,Thursday,5,No
2023-01-13,2023,1,1,January,Jan,2,13,Friday,6,No
2023-01-14,2023,1,1,January,Jan,2,14,Saturday,7,Yes
2023-01-15,2023,1,1,January,Jan,2,15,Sunday,1,Yes
2023-01-16,2023,1,1,January,Jan,3,16,Monday,2,No
2023-01-17,2023,1,1,January,Jan,3,17,Tuesday,3,No
2023-01-18,2023,1,1,January,Jan,3,18,Wednesday,4,No
2023-01-19,2023,1,1,January,Jan,3,19,Thursday,5,No
2023-01-20,2023,1,1,January,Jan,3,20,Friday,6,No
2023-01-21,2023,1,1,January,Jan,3,21,Saturday,7,Yes
2023-01-22,2023,1,1,January,Jan,3,22,Sunday,1,Yes
2023-01-23,2023,1,1,January,Jan,4,23,Monday,2,No
2023-01-24,2023,1,1,January,Jan,4,24,Tuesday,3,No
2023-01-25,2023,1,1,January,Jan,4,25,Wednesday,4,No
2023-01-26,2023,1,1,January,Jan,4,26,Thursday,5,No
2023-01-27,2023,1,1,January,Jan,4,27,Friday,6,No
2023-01-28,2023,1,1,January,Jan,4,28,Saturday,7,Yes
2023-01-29,2023,1,1,January,Jan,4,29,Sunday,1,Yes
2023-01-30,2023,1,1,January,Jan,5,30,Monday,2,No
2023-01-31,2023,1,1,January,Jan,5,31,Tuesday,3,No
2023-02-01,2023,1,2,February,Feb,5,1,Wednesday,4,No
